indice,Nombre,Altura,Peso,Base_Experience,Altura_m,Peso_kg,BMI
1,bulbasaur,7,69,64.0,0.7,6.9,14.08
2,ivysaur,10,130,142.0,1.0,13.0,13.0
3,venusaur,20,1000,236.0,2.0,100.0,25.0
4,charmander,6,85,62.0,0.6,8.5,23.61
5,charmeleon,11,190,142.0,1.1,19.0,15.7
6,charizard,17,905,240.0,1.7,90.5,31.31
7,squirtle,5,90,63.0,0.5,9.0,36.0
8,wartortle,10,225,142.0,1.0,22.5,22.5
9,blastoise,16,855,239.0,1.6,85.5,33.4
10,caterpie,3,29,39.0,0.3,2.9,32.22
11,metapod,7,99,72.0,0.7,9.9,20.2
12,butterfree,11,320,178.0,1.1,32.0,26.45
13,weedle,3,32,39.0,0.3,3.2,35.56
14,kakuna,6,100,72.0,0.6,10.0,27.78
15,beedrill,10,295,178.0,1.0,29.5,29.5
16,pidgey,3,18,50.0,0.3,1.8,20.0
17,pidgeotto,11,300,122.0,1.1,30.0,24.79
18,pidgeot,15,395,216.0,1.5,39.5,17.56
19,rattata,3,35,51.0,0.3,3.5,38.89
20,raticate,7,185,145.0,0.7,18.5,37.76
21,spearow,3,20,52.0,0.3,2.0,22.22
22,fearow,12,380,155.0,1.2,38.0,26.39
23,ekans,20,69,58.0,2.0,6.9,1.73
24,arbok,35,650,157.0,3.5,65.0,5.31
25,pikachu,4,60,112.0,0.4,6.0,37.5
26,raichu,8,300,218.0,0.8,30.0,46.87
27,sandshrew,6,120,60.0,0.6,12.0,33.33
28,sandslash,10,295,158.0,1.0,29.5,29.5
29,nidoran-f,4,70,55.0,0.4,7.0,43.75
30,nidorina,8,200,128.0,0.8,20.0,31.25
31,nidoqueen,13,600,227.0,1.3,60.0,35.5
32,nidoran-m,5,90,55.0,0.5,9.0,36.0
33,nidorino,9,195,128.0,0.9,19.5,24.07
34,nidoking,14,620,227.0,1.4,62.0,31.63
35,clefairy,6,75,113.0,0.6,7.5,20.83
36,clefable,13,400,217.0,1.3,40.0,23.67
37,vulpix,6,99,60.0,0.6,9.9,27.5
38,ninetales,11,199,177.0,1.1,19.9,16.45
39,jigglypuff,5,55,95.0,0.5,5.5,22.0
40,wigglytuff,10,120,196.0,1.0,12.0,12.0
41,zubat,8,75,49.0,0.8,7.5,11.72
42,golbat,16,550,159.0,1.6,55.0,21.48
43,oddish,5,54,64.0,0.5,5.4,21.6
44,gloom,8,86,138.0,0.8,8.6,13.44
45,vileplume,12,186,221.0,1.2,18.6,12.92
46,paras,3,54,57.0,0.3,5.4,60.0
47,parasect,10,295,142.0,1.0,29.5,29.5
48,venonat,10,300,61.0,1.0,30.0,30.0
49,venomoth,15,125,158.0,1.5,12.5,5.56
50,diglett,2,8,53.0,0.2,0.8,20.0
51,dugtrio,7,333,149.0,0.7,33.3,67.96
52,meowth,4,42,58.0,0.4,4.2,26.25
53,persian,10,320,154.0,1.0,32.0,32.0
54,psyduck,8,196,64.0,0.8,19.6,30.62
55,golduck,17,766,175.0,1.7,76.6,26.51
56,mankey,5,280,61.0,0.5,28.0,112.0
57,primeape,10,320,159.0,1.0,32.0,32.0
58,growlithe,7,190,70.0,0.7,19.0,38.78
59,arcanine,19,1550,194.0,1.9,155.0,42.94
60,poliwag,6,124,60.0,0.6,12.4,34.44
61,poliwhirl,10,200,135.0,1.0,20.0,20.0
62,poliwrath,13,540,230.0,1.3,54.0,31.95
63,abra,9,195,62.0,0.9,19.5,24.07
64,kadabra,13,565,140.0,1.3,56.5,33.43
65,alakazam,15,480,225.0,1.5,48.0,21.33
66,machop,8,195,61.0,0.8,19.5,30.47
67,machoke,15,705,142.0,1.5,70.5,31.33
68,machamp,16,1300,227.0,1.6,130.0,50.78
69,bellsprout,7,40,60.0,0.7,4.0,8.16
70,weepinbell,10,64,137.0,1.0,6.4,6.4
71,victreebel,17,155,221.0,1.7,15.5,5.36
72,tentacool,9,455,67.0,0.9,45.5,56.17
73,tentacruel,16,550,180.0,1.6,55.0,21.48
74,geodude,4,200,60.0,0.4,20.0,125.0
75,graveler,10,1050,137.0,1.0,105.0,105.0
76,golem,14,3000,223.0,1.4,300.0,153.06
77,ponyta,10,300,82.0,1.0,30.0,30.0
78,rapidash,17,950,175.0,1.7,95.0,32.87
79,slowpoke,12,360,63.0,1.2,36.0,25.0
80,slowbro,16,785,172.0,1.6,78.5,30.66
81,magnemite,3,60,65.0,0.3,6.0,66.67
82,magneton,10,600,163.0,1.0,60.0,60.0
83,farfetchd,8,150,132.0,0.8,15.0,23.44
84,doduo,14,392,62.0,1.4,39.2,20.0
85,dodrio,18,852,165.0,1.8,85.2,26.3
86,seel,11,900,65.0,1.1,90.0,74.38
87,dewgong,17,1200,166.0,1.7,120.0,41.52
88,grimer,9,300,65.0,0.9,30.0,37.04
89,muk,12,300,175.0,1.2,30.0,20.83
90,shellder,3,40,61.0,0.3,4.0,44.44
91,cloyster,15,1325,184.0,1.5,132.5,58.89
92,gastly,13,1,62.0,1.3,0.1,0.06
93,haunter,16,1,142.0,1.6,0.1,0.04
94,gengar,15,405,225.0,1.5,40.5,18.0
95,onix,88,2100,77.0,8.8,210.0,2.71
96,drowzee,10,324,66.0,1.0,32.4,32.4
97,hypno,16,756,169.0,1.6,75.6,29.53
98,krabby,4,65,65.0,0.4,6.5,40.62
99,kingler,13,600,166.0,1.3,60.0,35.5
100,voltorb,5,104,66.0,0.5,10.4,41.6
101,electrode,12,666,172.0,1.2,66.6,46.25
102,exeggcute,4,25,65.0,0.4,2.5,15.62
103,exeggutor,20,1200,186.0,2.0,120.0,30.0
104,cubone,4,65,64.0,0.4,6.5,40.62
105,marowak,10,450,149.0,1.0,45.0,45.0
106,hitmonlee,15,498,159.0,1.5,49.8,22.13
107,hitmonchan,14,502,159.0,1.4,50.2,25.61
108,lickitung,12,655,77.0,1.2,65.5,45.49
109,koffing,6,10,68.0,0.6,1.0,2.78
110,weezing,12,95,172.0,1.2,9.5,6.6
111,rhyhorn,10,1150,69.0,1.0,115.0,115.0
112,rhydon,19,1200,170.0,1.9,120.0,33.24
113,chansey,11,346,395.0,1.1,34.6,28.6
114,tangela,10,350,87.0,1.0,35.0,35.0
115,kangaskhan,22,800,172.0,2.2,80.0,16.53
116,horsea,4,80,59.0,0.4,8.0,50.0
117,seadra,12,250,154.0,1.2,25.0,17.36
118,goldeen,6,150,64.0,0.6,15.0,41.67
119,seaking,13,390,158.0,1.3,39.0,23.08
120,staryu,8,345,68.0,0.8,34.5,53.91
121,starmie,11,800,182.0,1.1,80.0,66.12
122,mr-mime,13,545,161.0,1.3,54.5,32.25
123,scyther,15,560,100.0,1.5,56.0,24.89
124,jynx,14,406,159.0,1.4,40.6,20.71
125,electabuzz,11,300,172.0,1.1,30.0,24.79
126,magmar,13,445,173.0,1.3,44.5,26.33
127,pinsir,15,550,175.0,1.5,55.0,24.44
128,tauros,14,884,172.0,1.4,88.4,45.1
129,magikarp,9,100,40.0,0.9,10.0,12.35
130,gyarados,65,2350,189.0,6.5,235.0,5.56
131,lapras,25,2200,187.0,2.5,220.0,35.2
132,ditto,3,40,101.0,0.3,4.0,44.44
133,eevee,3,65,65.0,0.3,6.5,72.22
134,vaporeon,10,290,184.0,1.0,29.0,29.0
135,jolteon,8,245,184.0,0.8,24.5,38.28
136,flareon,9,250,184.0,0.9,25.0,30.86
137,porygon,8,365,79.0,0.8,36.5,57.03
138,omanyte,4,75,71.0,0.4,7.5,46.87
139,omastar,10,350,173.0,1.0,35.0,35.0
140,kabuto,5,115,71.0,0.5,11.5,46.0
141,kabutops,13,405,173.0,1.3,40.5,23.96
142,aerodactyl,18,590,180.0,1.8,59.0,18.21
143,snorlax,21,4600,189.0,2.1,460.0,104.31
144,articuno,17,554,261.0,1.7,55.4,19.17
145,zapdos,16,526,261.0,1.6,52.6,20.55
146,moltres,20,600,261.0,2.0,60.0,15.0
147,dratini,18,33,60.0,1.8,3.3,1.02
148,dragonair,40,165,147.0,4.0,16.5,1.03
149,dragonite,22,2100,270.0,2.2,210.0,43.39
150,mewtwo,20,1220,306.0,2.0,122.0,30.5
151,mew,4,40,270.0,0.4,4.0,25.0
152,chikorita,9,64,64.0,0.9,6.4,7.9
153,bayleef,12,158,142.0,1.2,15.8,10.97
154,meganium,18,1005,236.0,1.8,100.5,31.02
155,cyndaquil,5,79,62.0,0.5,7.9,31.6
156,quilava,9,190,142.0,0.9,19.0,23.46
157,typhlosion,17,795,240.0,1.7,79.5,27.51
158,totodile,6,95,63.0,0.6,9.5,26.39
159,croconaw,11,250,142.0,1.1,25.0,20.66
160,feraligatr,23,888,239.0,2.3,88.8,16.79
161,sentret,8,60,43.0,0.8,6.0,9.37
162,furret,18,325,145.0,1.8,32.5,10.03
163,hoothoot,7,212,52.0,0.7,21.2,43.27
164,noctowl,16,408,158.0,1.6,40.8,15.94
165,ledyba,10,108,53.0,1.0,10.8,10.8
166,ledian,14,356,137.0,1.4,35.6,18.16
167,spinarak,5,85,50.0,0.5,8.5,34.0
168,ariados,11,335,140.0,1.1,33.5,27.69
169,crobat,18,750,241.0,1.8,75.0,23.15
170,chinchou,5,120,66.0,0.5,12.0,48.0
171,lanturn,12,225,161.0,1.2,22.5,15.62
172,pichu,3,20,41.0,0.3,2.0,22.22
173,cleffa,3,30,44.0,0.3,3.0,33.33
174,igglybuff,3,10,42.0,0.3,1.0,11.11
175,togepi,3,15,49.0,0.3,1.5,16.67
176,togetic,6,32,142.0,0.6,3.2,8.89
177,natu,2,20,64.0,0.2,2.0,50.0
178,xatu,15,150,165.0,1.5,15.0,6.67
179,mareep,6,78,56.0,0.6,7.8,21.67
180,flaaffy,8,133,128.0,0.8,13.3,20.78
181,ampharos,14,615,230.0,1.4,61.5,31.38
182,bellossom,4,58,221.0,0.4,5.8,36.25
183,marill,4,85,88.0,0.4,8.5,53.12
184,azumarill,8,285,189.0,0.8,28.5,44.53
185,sudowoodo,12,380,144.0,1.2,38.0,26.39
186,politoed,11,339,225.0,1.1,33.9,28.02
187,hoppip,4,5,50.0,0.4,0.5,3.12
188,skiploom,6,10,119.0,0.6,1.0,2.78
189,jumpluff,8,30,207.0,0.8,3.0,4.69
190,aipom,8,115,72.0,0.8,11.5,17.97
191,sunkern,3,18,36.0,0.3,1.8,20.0
192,sunflora,8,85,149.0,0.8,8.5,13.28
193,yanma,12,380,78.0,1.2,38.0,26.39
194,wooper,4,85,42.0,0.4,8.5,53.12
195,quagsire,14,750,151.0,1.4,75.0,38.27
196,espeon,9,265,184.0,0.9,26.5,32.72
197,umbreon,10,270,184.0,1.0,27.0,27.0
198,murkrow,5,21,81.0,0.5,2.1,8.4
199,slowking,20,795,172.0,2.0,79.5,19.88
200,misdreavus,7,10,87.0,0.7,1.0,2.04
201,unown,5,50,118.0,0.5,5.0,20.0
202,wobbuffet,13,285,142.0,1.3,28.5,16.86
203,girafarig,15,415,159.0,1.5,41.5,18.44
204,pineco,6,72,58.0,0.6,7.2,20.0
205,forretress,12,1258,163.0,1.2,125.8,87.36
206,dunsparce,15,140,145.0,1.5,14.0,6.22
207,gligar,11,648,86.0,1.1,64.8,53.55
208,steelix,92,4000,179.0,9.2,400.0,4.73
209,snubbull,6,78,60.0,0.6,7.8,21.67
210,granbull,14,487,158.0,1.4,48.7,24.85
211,qwilfish,5,39,88.0,0.5,3.9,15.6
212,scizor,18,1180,175.0,1.8,118.0,36.42
213,shuckle,6,205,177.0,0.6,20.5,56.94
214,heracross,15,540,175.0,1.5,54.0,24.0
215,sneasel,9,280,86.0,0.9,28.0,34.57
216,teddiursa,6,88,66.0,0.6,8.8,24.44
217,ursaring,18,1258,175.0,1.8,125.8,38.83
218,slugma,7,350,50.0,0.7,35.0,71.43
219,magcargo,8,550,151.0,0.8,55.0,85.94
220,swinub,4,65,50.0,0.4,6.5,40.62
221,piloswine,11,558,158.0,1.1,55.8,46.12
222,corsola,6,50,144.0,0.6,5.0,13.89
223,remoraid,6,120,60.0,0.6,12.0,33.33
224,octillery,9,285,168.0,0.9,28.5,35.19
225,delibird,9,160,116.0,0.9,16.0,19.75
226,mantine,21,2200,170.0,2.1,220.0,49.89
227,skarmory,17,505,163.0,1.7,50.5,17.47
228,houndour,6,108,66.0,0.6,10.8,30.0
229,houndoom,14,350,175.0,1.4,35.0,17.86
230,kingdra,18,1520,243.0,1.8,152.0,46.91
231,phanpy,5,335,66.0,0.5,33.5,134.0
232,donphan,11,1200,175.0,1.1,120.0,99.17
233,porygon2,6,325,180.0,0.6,32.5,90.28
234,stantler,14,712,163.0,1.4,71.2,36.33
235,smeargle,12,580,88.0,1.2,58.0,40.28
236,tyrogue,7,210,42.0,0.7,21.0,42.86
237,hitmontop,14,480,159.0,1.4,48.0,24.49
238,smoochum,4,60,61.0,0.4,6.0,37.5
239,elekid,6,235,72.0,0.6,23.5,65.28
240,magby,7,214,73.0,0.7,21.4,43.67
241,miltank,12,755,172.0,1.2,75.5,52.43
242,blissey,15,468,608.0,1.5,46.8,20.8
243,raikou,19,1780,261.0,1.9,178.0,49.31
244,entei,21,1980,261.0,2.1,198.0,44.9
245,suicune,20,1870,261.0,2.0,187.0,46.75
246,larvitar,6,720,60.0,0.6,72.0,200.0
247,pupitar,12,1520,144.0,1.2,152.0,105.56
248,tyranitar,20,2020,270.0,2.0,202.0,50.5
249,lugia,52,2160,306.0,5.2,216.0,7.99
250,ho-oh,38,1990,306.0,3.8,199.0,13.78
251,celebi,6,50,270.0,0.6,5.0,13.89
252,treecko,5,50,62.0,0.5,5.0,20.0
253,grovyle,9,216,142.0,0.9,21.6,26.67
254,sceptile,17,522,239.0,1.7,52.2,18.06
255,torchic,4,25,62.0,0.4,2.5,15.62
256,combusken,9,195,142.0,0.9,19.5,24.07
257,blaziken,19,520,239.0,1.9,52.0,14.4
258,mudkip,4,76,62.0,0.4,7.6,47.5
259,marshtomp,7,280,142.0,0.7,28.0,57.14
260,swampert,15,819,241.0,1.5,81.9,36.4
261,poochyena,5,136,56.0,0.5,13.6,54.4
262,mightyena,10,370,147.0,1.0,37.0,37.0
263,zigzagoon,4,175,56.0,0.4,17.5,109.37
264,linoone,5,325,147.0,0.5,32.5,130.0
265,wurmple,3,36,56.0,0.3,3.6,40.0
266,silcoon,6,100,72.0,0.6,10.0,27.78
267,beautifly,10,284,178.0,1.0,28.4,28.4
268,cascoon,7,115,72.0,0.7,11.5,23.47
269,dustox,12,316,173.0,1.2,31.6,21.94
270,lotad,5,26,44.0,0.5,2.6,10.4
271,lombre,12,325,119.0,1.2,32.5,22.57
272,ludicolo,15,550,216.0,1.5,55.0,24.44
273,seedot,5,40,44.0,0.5,4.0,16.0
274,nuzleaf,10,280,119.0,1.0,28.0,28.0
275,shiftry,13,596,216.0,1.3,59.6,35.27
276,taillow,3,23,54.0,0.3,2.3,25.56
277,swellow,7,198,159.0,0.7,19.8,40.41
278,wingull,6,95,54.0,0.6,9.5,26.39
279,pelipper,12,280,154.0,1.2,28.0,19.44
280,ralts,4,66,40.0,0.4,6.6,41.25
281,kirlia,8,202,97.0,0.8,20.2,31.56
282,gardevoir,16,484,233.0,1.6,48.4,18.91
283,surskit,5,17,54.0,0.5,1.7,6.8
284,masquerain,8,36,159.0,0.8,3.6,5.62
285,shroomish,4,45,59.0,0.4,4.5,28.12
286,breloom,12,392,161.0,1.2,39.2,27.22
287,slakoth,8,240,56.0,0.8,24.0,37.5
288,vigoroth,14,465,154.0,1.4,46.5,23.72
289,slaking,20,1305,252.0,2.0,130.5,32.62
290,nincada,5,55,53.0,0.5,5.5,22.0
291,ninjask,8,120,160.0,0.8,12.0,18.75
292,shedinja,8,12,83.0,0.8,1.2,1.87
293,whismur,6,163,48.0,0.6,16.3,45.28
294,loudred,10,405,126.0,1.0,40.5,40.5
295,exploud,15,840,221.0,1.5,84.0,37.33
296,makuhita,10,864,47.0,1.0,86.4,86.4
297,hariyama,23,2538,166.0,2.3,253.8,47.98
298,azurill,2,20,38.0,0.2,2.0,50.0
299,nosepass,10,970,75.0,1.0,97.0,97.0
300,skitty,6,110,52.0,0.6,11.0,30.56
301,delcatty,11,326,140.0,1.1,32.6,26.94
302,sableye,5,110,133.0,0.5,11.0,44.0
303,mawile,6,115,133.0,0.6,11.5,31.94
304,aron,4,600,66.0,0.4,60.0,375.0
305,lairon,9,1200,151.0,0.9,120.0,148.15
306,aggron,21,3600,239.0,2.1,360.0,81.63
307,meditite,6,112,56.0,0.6,11.2,31.11
308,medicham,13,315,144.0,1.3,31.5,18.64
309,electrike,6,152,59.0,0.6,15.2,42.22
310,manectric,15,402,166.0,1.5,40.2,17.87
311,plusle,4,42,142.0,0.4,4.2,26.25
312,minun,4,42,142.0,0.4,4.2,26.25
313,volbeat,7,177,151.0,0.7,17.7,36.12
314,illumise,6,177,151.0,0.6,17.7,49.17
315,roselia,3,20,140.0,0.3,2.0,22.22
316,gulpin,4,103,60.0,0.4,10.3,64.37
317,swalot,17,800,163.0,1.7,80.0,27.68
318,carvanha,8,208,61.0,0.8,20.8,32.5
319,sharpedo,18,888,161.0,1.8,88.8,27.41
320,wailmer,20,1300,80.0,2.0,130.0,32.5
321,wailord,145,3980,175.0,14.5,398.0,1.89
322,numel,7,240,61.0,0.7,24.0,48.98
323,camerupt,19,2200,161.0,1.9,220.0,60.94
324,torkoal,5,804,165.0,0.5,80.4,321.6
325,spoink,7,306,66.0,0.7,30.6,62.45
326,grumpig,9,715,165.0,0.9,71.5,88.27
327,spinda,11,50,126.0,1.1,5.0,4.13
328,trapinch,7,150,58.0,0.7,15.0,30.61
329,vibrava,11,153,119.0,1.1,15.3,12.64
330,flygon,20,820,234.0,2.0,82.0,20.5
331,cacnea,4,513,67.0,0.4,51.3,320.62
332,cacturne,13,774,166.0,1.3,77.4,45.8
333,swablu,4,12,62.0,0.4,1.2,7.5
334,altaria,11,206,172.0,1.1,20.6,17.02
335,zangoose,13,403,160.0,1.3,40.3,23.85
336,seviper,27,525,160.0,2.7,52.5,7.2
337,lunatone,10,1680,161.0,1.0,168.0,168.0
338,solrock,12,1540,161.0,1.2,154.0,106.94
339,barboach,4,19,58.0,0.4,1.9,11.87
340,whiscash,9,236,164.0,0.9,23.6,29.14
341,corphish,6,115,62.0,0.6,11.5,31.94
342,crawdaunt,11,328,164.0,1.1,32.8,27.11
343,baltoy,5,215,60.0,0.5,21.5,86.0
344,claydol,15,1080,175.0,1.5,108.0,48.0
345,lileep,10,238,71.0,1.0,23.8,23.8
346,cradily,15,604,173.0,1.5,60.4,26.84
347,anorith,7,125,71.0,0.7,12.5,25.51
348,armaldo,15,682,173.0,1.5,68.2,30.31
349,feebas,6,74,40.0,0.6,7.4,20.56
350,milotic,62,1620,189.0,6.2,162.0,4.21
351,castform,3,8,147.0,0.3,0.8,8.89
352,kecleon,10,220,154.0,1.0,22.0,22.0
353,shuppet,6,23,59.0,0.6,2.3,6.39
354,banette,11,125,159.0,1.1,12.5,10.33
355,duskull,8,150,59.0,0.8,15.0,23.44
356,dusclops,16,306,159.0,1.6,30.6,11.95
357,tropius,20,1000,161.0,2.0,100.0,25.0
358,chimecho,6,10,159.0,0.6,1.0,2.78
359,absol,12,470,163.0,1.2,47.0,32.64
360,wynaut,6,140,52.0,0.6,14.0,38.89
361,snorunt,7,168,60.0,0.7,16.8,34.29
362,glalie,15,2565,168.0,1.5,256.5,114.0
363,spheal,8,395,58.0,0.8,39.5,61.72
364,sealeo,11,876,144.0,1.1,87.6,72.4
365,walrein,14,1506,239.0,1.4,150.6,76.84
366,clamperl,4,525,69.0,0.4,52.5,328.12
367,huntail,17,270,170.0,1.7,27.0,9.34
368,gorebyss,18,226,170.0,1.8,22.6,6.98
369,relicanth,10,234,170.0,1.0,23.4,23.4
370,luvdisc,6,87,116.0,0.6,8.7,24.17
371,bagon,6,421,60.0,0.6,42.1,116.94
372,shelgon,11,1105,147.0,1.1,110.5,91.32
373,salamence,15,1026,270.0,1.5,102.6,45.6
374,beldum,6,952,60.0,0.6,95.2,264.44
375,metang,12,2025,147.0,1.2,202.5,140.62
376,metagross,16,5500,270.0,1.6,550.0,214.84
377,regirock,17,2300,261.0,1.7,230.0,79.58
378,regice,18,1750,261.0,1.8,175.0,54.01
379,registeel,19,2050,261.0,1.9,205.0,56.79
380,latias,14,400,270.0,1.4,40.0,20.41
381,latios,20,600,270.0,2.0,60.0,15.0
382,kyogre,45,3520,302.0,4.5,352.0,17.38
383,groudon,35,9500,302.0,3.5,950.0,77.55
384,rayquaza,70,2065,306.0,7.0,206.5,4.21
385,jirachi,3,11,270.0,0.3,1.1,12.22
386,deoxys-normal,17,608,270.0,1.7,60.8,21.04
387,turtwig,4,102,64.0,0.4,10.2,63.75
388,grotle,11,970,142.0,1.1,97.0,80.17
389,torterra,22,3100,236.0,2.2,310.0,64.05
390,chimchar,5,62,62.0,0.5,6.2,24.8
391,monferno,9,220,142.0,0.9,22.0,27.16
392,infernape,12,550,240.0,1.2,55.0,38.19
393,piplup,4,52,63.0,0.4,5.2,32.5
394,prinplup,8,230,142.0,0.8,23.0,35.94
395,empoleon,17,845,239.0,1.7,84.5,29.24
396,starly,3,20,49.0,0.3,2.0,22.22
397,staravia,6,155,119.0,0.6,15.5,43.06
398,staraptor,12,249,218.0,1.2,24.9,17.29
399,bidoof,5,200,50.0,0.5,20.0,80.0
400,bibarel,10,315,144.0,1.0,31.5,31.5
401,kricketot,3,22,39.0,0.3,2.2,24.44
402,kricketune,10,255,134.0,1.0,25.5,25.5
403,shinx,5,95,53.0,0.5,9.5,38.0
404,luxio,9,305,127.0,0.9,30.5,37.65
405,luxray,14,420,235.0,1.4,42.0,21.43
406,budew,2,12,56.0,0.2,1.2,30.0
407,roserade,9,145,232.0,0.9,14.5,17.9
408,cranidos,9,315,70.0,0.9,31.5,38.89
409,rampardos,16,1025,173.0,1.6,102.5,40.04
410,shieldon,5,570,70.0,0.5,57.0,228.0
411,bastiodon,13,1495,173.0,1.3,149.5,88.46
412,burmy,2,34,45.0,0.2,3.4,85.0
413,wormadam-plant,5,65,148.0,0.5,6.5,26.0
414,mothim,9,233,148.0,0.9,23.3,28.77
415,combee,3,55,49.0,0.3,5.5,61.11
416,vespiquen,12,385,166.0,1.2,38.5,26.74
417,pachirisu,4,39,142.0,0.4,3.9,24.37
418,buizel,7,295,66.0,0.7,29.5,60.2
419,floatzel,11,335,173.0,1.1,33.5,27.69
420,cherubi,4,33,55.0,0.4,3.3,20.62
421,cherrim,5,93,158.0,0.5,9.3,37.2
422,shellos,3,63,65.0,0.3,6.3,70.0
423,gastrodon,9,299,166.0,0.9,29.9,36.91
424,ambipom,12,203,169.0,1.2,20.3,14.1
425,drifloon,4,12,70.0,0.4,1.2,7.5
426,drifblim,12,150,174.0,1.2,15.0,10.42
427,buneary,4,55,70.0,0.4,5.5,34.37
428,lopunny,12,333,168.0,1.2,33.3,23.12
429,mismagius,9,44,173.0,0.9,4.4,5.43
430,honchkrow,9,273,177.0,0.9,27.3,33.7
431,glameow,5,39,62.0,0.5,3.9,15.6
432,purugly,10,438,158.0,1.0,43.8,43.8
433,chingling,2,6,57.0,0.2,0.6,15.0
434,stunky,4,192,66.0,0.4,19.2,120.0
435,skuntank,10,380,168.0,1.0,38.0,38.0
436,bronzor,5,605,60.0,0.5,60.5,242.0
437,bronzong,13,1870,175.0,1.3,187.0,110.65
438,bonsly,5,150,58.0,0.5,15.0,60.0
439,mime-jr,6,130,62.0,0.6,13.0,36.11
440,happiny,6,244,110.0,0.6,24.4,67.78
441,chatot,5,19,144.0,0.5,1.9,7.6
442,spiritomb,10,1080,170.0,1.0,108.0,108.0
443,gible,7,205,60.0,0.7,20.5,41.84
444,gabite,14,560,144.0,1.4,56.0,28.57
445,garchomp,19,950,270.0,1.9,95.0,26.32
446,munchlax,6,1050,78.0,0.6,105.0,291.67
447,riolu,7,202,57.0,0.7,20.2,41.22
448,lucario,12,540,184.0,1.2,54.0,37.5
449,hippopotas,8,495,66.0,0.8,49.5,77.34
450,hippowdon,20,3000,184.0,2.0,300.0,75.0
451,skorupi,8,120,66.0,0.8,12.0,18.75
452,drapion,13,615,175.0,1.3,61.5,36.39
453,croagunk,7,230,60.0,0.7,23.0,46.94
454,toxicroak,13,444,172.0,1.3,44.4,26.27
455,carnivine,14,270,159.0,1.4,27.0,13.78
456,finneon,4,70,66.0,0.4,7.0,43.75
457,lumineon,12,240,161.0,1.2,24.0,16.67
458,mantyke,10,650,69.0,1.0,65.0,65.0
459,snover,10,505,67.0,1.0,50.5,50.5
460,abomasnow,22,1355,173.0,2.2,135.5,28.0
461,weavile,11,340,179.0,1.1,34.0,28.1
462,magnezone,12,1800,241.0,1.2,180.0,125.0
463,lickilicky,17,1400,180.0,1.7,140.0,48.44
464,rhyperior,24,2828,241.0,2.4,282.8,49.1
465,tangrowth,20,1286,187.0,2.0,128.6,32.15
466,electivire,18,1386,243.0,1.8,138.6,42.78
467,magmortar,16,680,243.0,1.6,68.0,26.56
468,togekiss,15,380,245.0,1.5,38.0,16.89
469,yanmega,19,515,180.0,1.9,51.5,14.27
470,leafeon,10,255,184.0,1.0,25.5,25.5
471,glaceon,8,259,184.0,0.8,25.9,40.47
472,gliscor,20,425,179.0,2.0,42.5,10.62
473,mamoswine,25,2910,239.0,2.5,291.0,46.56
474,porygon-z,9,340,241.0,0.9,34.0,41.98
475,gallade,16,520,233.0,1.6,52.0,20.31
476,probopass,14,3400,184.0,1.4,340.0,173.47
477,dusknoir,22,1066,236.0,2.2,106.6,22.02
478,froslass,13,266,168.0,1.3,26.6,15.74
479,rotom,3,3,154.0,0.3,0.3,3.33
480,uxie,3,3,261.0,0.3,0.3,3.33
481,mesprit,3,3,261.0,0.3,0.3,3.33
482,azelf,3,3,261.0,0.3,0.3,3.33
483,dialga,54,6830,306.0,5.4,683.0,23.42
484,palkia,42,3360,306.0,4.2,336.0,19.05
485,heatran,17,4300,270.0,1.7,430.0,148.79
486,regigigas,37,4200,302.0,3.7,420.0,30.68
487,giratina-altered,45,7500,306.0,4.5,750.0,37.04
488,cresselia,15,856,270.0,1.5,85.6,38.04
489,phione,4,31,216.0,0.4,3.1,19.37
490,manaphy,3,14,270.0,0.3,1.4,15.56
491,darkrai,15,505,270.0,1.5,50.5,22.44
492,shaymin-land,2,21,270.0,0.2,2.1,52.5
493,arceus,32,3200,324.0,3.2,320.0,31.25
494,victini,4,40,270.0,0.4,4.0,25.0
495,snivy,6,81,62.0,0.6,8.1,22.5
496,servine,8,160,145.0,0.8,16.0,25.0
497,serperior,33,630,238.0,3.3,63.0,5.79
498,tepig,5,99,62.0,0.5,9.9,39.6
499,pignite,10,555,146.0,1.0,55.5,55.5
500,emboar,16,1500,238.0,1.6,150.0,58.59
501,oshawott,5,59,62.0,0.5,5.9,23.6
502,dewott,8,245,145.0,0.8,24.5,38.28
503,samurott,15,946,238.0,1.5,94.6,42.04
504,patrat,5,116,51.0,0.5,11.6,46.4
505,watchog,11,270,147.0,1.1,27.0,22.31
506,lillipup,4,41,55.0,0.4,4.1,25.62
507,herdier,9,147,130.0,0.9,14.7,18.15
508,stoutland,12,610,225.0,1.2,61.0,42.36
509,purrloin,4,101,56.0,0.4,10.1,63.12
510,liepard,11,375,156.0,1.1,37.5,30.99
511,pansage,6,105,63.0,0.6,10.5,29.17
512,simisage,11,305,174.0,1.1,30.5,25.21
513,pansear,6,110,63.0,0.6,11.0,30.56
514,simisear,10,280,174.0,1.0,28.0,28.0
515,panpour,6,135,63.0,0.6,13.5,37.5
516,simipour,10,290,174.0,1.0,29.0,29.0
517,munna,6,233,58.0,0.6,23.3,64.72
518,musharna,11,605,170.0,1.1,60.5,50.0
519,pidove,3,21,53.0,0.3,2.1,23.33
520,tranquill,6,150,125.0,0.6,15.0,41.67
521,unfezant,12,290,220.0,1.2,29.0,20.14
522,blitzle,8,298,59.0,0.8,29.8,46.56
523,zebstrika,16,795,174.0,1.6,79.5,31.05
524,roggenrola,4,180,56.0,0.4,18.0,112.5
525,boldore,9,1020,137.0,0.9,102.0,125.93
526,gigalith,17,2600,232.0,1.7,260.0,89.97
527,woobat,4,21,65.0,0.4,2.1,13.12
528,swoobat,9,105,149.0,0.9,10.5,12.96
529,drilbur,3,85,66.0,0.3,8.5,94.44
530,excadrill,7,404,178.0,0.7,40.4,82.45
531,audino,11,310,390.0,1.1,31.0,25.62
532,timburr,6,125,61.0,0.6,12.5,34.72
533,gurdurr,12,400,142.0,1.2,40.0,27.78
534,conkeldurr,14,870,227.0,1.4,87.0,44.39
535,tympole,5,45,59.0,0.5,4.5,18.0
536,palpitoad,8,170,134.0,0.8,17.0,26.56
537,seismitoad,15,620,229.0,1.5,62.0,27.56
538,throh,13,555,163.0,1.3,55.5,32.84
539,sawk,14,510,163.0,1.4,51.0,26.02
540,sewaddle,3,25,62.0,0.3,2.5,27.78
541,swadloon,5,73,133.0,0.5,7.3,29.2
542,leavanny,12,205,225.0,1.2,20.5,14.24
543,venipede,4,53,52.0,0.4,5.3,33.12
544,whirlipede,12,585,126.0,1.2,58.5,40.62
545,scolipede,25,2005,218.0,2.5,200.5,32.08
546,cottonee,3,6,56.0,0.3,0.6,6.67
547,whimsicott,7,66,168.0,0.7,6.6,13.47
548,petilil,5,66,56.0,0.5,6.6,26.4
549,lilligant,11,163,168.0,1.1,16.3,13.47
550,basculin-red-striped,10,180,161.0,1.0,18.0,18.0
551,sandile,7,152,58.0,0.7,15.2,31.02
552,krokorok,10,334,123.0,1.0,33.4,33.4
553,krookodile,15,963,234.0,1.5,96.3,42.8
554,darumaka,6,375,63.0,0.6,37.5,104.17
555,darmanitan-standard,13,929,168.0,1.3,92.9,54.97
556,maractus,10,280,161.0,1.0,28.0,28.0
557,dwebble,3,145,65.0,0.3,14.5,161.11
558,crustle,14,2000,170.0,1.4,200.0,102.04
559,scraggy,6,118,70.0,0.6,11.8,32.78
560,scrafty,11,300,171.0,1.1,30.0,24.79
561,sigilyph,14,140,172.0,1.4,14.0,7.14
562,yamask,5,15,61.0,0.5,1.5,6.0
563,cofagrigus,17,765,169.0,1.7,76.5,26.47
564,tirtouga,7,165,71.0,0.7,16.5,33.67
565,carracosta,12,810,173.0,1.2,81.0,56.25
566,archen,5,95,71.0,0.5,9.5,38.0
567,archeops,14,320,177.0,1.4,32.0,16.33
568,trubbish,6,310,66.0,0.6,31.0,86.11
569,garbodor,19,1073,166.0,1.9,107.3,29.72
570,zorua,7,125,66.0,0.7,12.5,25.51
571,zoroark,16,811,179.0,1.6,81.1,31.68
572,minccino,4,58,60.0,0.4,5.8,36.25
573,cinccino,5,75,165.0,0.5,7.5,30.0
574,gothita,4,58,58.0,0.4,5.8,36.25
575,gothorita,7,180,137.0,0.7,18.0,36.73
576,gothitelle,15,440,221.0,1.5,44.0,19.56
577,solosis,3,10,58.0,0.3,1.0,11.11
578,duosion,6,80,130.0,0.6,8.0,22.22
579,reuniclus,10,201,221.0,1.0,20.1,20.1
580,ducklett,5,55,61.0,0.5,5.5,22.0
581,swanna,13,242,166.0,1.3,24.2,14.32
582,vanillite,4,57,61.0,0.4,5.7,35.62
583,vanillish,11,410,138.0,1.1,41.0,33.88
584,vanilluxe,13,575,241.0,1.3,57.5,34.02
585,deerling,6,195,67.0,0.6,19.5,54.17
586,sawsbuck,19,925,166.0,1.9,92.5,25.62
587,emolga,4,50,150.0,0.4,5.0,31.25
588,karrablast,5,59,63.0,0.5,5.9,23.6
589,escavalier,10,330,173.0,1.0,33.0,33.0
590,foongus,2,10,59.0,0.2,1.0,25.0
591,amoonguss,6,105,162.0,0.6,10.5,29.17
592,frillish,12,330,67.0,1.2,33.0,22.92
593,jellicent,22,1350,168.0,2.2,135.0,27.89
594,alomomola,12,316,165.0,1.2,31.6,21.94
595,joltik,1,6,64.0,0.1,0.6,60.0
596,galvantula,8,143,165.0,0.8,14.3,22.34
597,ferroseed,6,188,61.0,0.6,18.8,52.22
598,ferrothorn,10,1100,171.0,1.0,110.0,110.0
599,klink,3,210,60.0,0.3,21.0,233.33
600,klang,6,510,154.0,0.6,51.0,141.67
601,klinklang,6,810,234.0,0.6,81.0,225.0
602,tynamo,2,3,55.0,0.2,0.3,7.5
603,eelektrik,12,220,142.0,1.2,22.0,15.28
604,eelektross,21,805,232.0,2.1,80.5,18.25
605,elgyem,5,90,67.0,0.5,9.0,36.0
606,beheeyem,10,345,170.0,1.0,34.5,34.5
607,litwick,3,31,55.0,0.3,3.1,34.44
608,lampent,6,130,130.0,0.6,13.0,36.11
609,chandelure,10,343,234.0,1.0,34.3,34.3
610,axew,6,180,64.0,0.6,18.0,50.0
611,fraxure,10,360,144.0,1.0,36.0,36.0
612,haxorus,18,1055,243.0,1.8,105.5,32.56
613,cubchoo,5,85,61.0,0.5,8.5,34.0
614,beartic,26,2600,177.0,2.6,260.0,38.46
615,cryogonal,11,1480,180.0,1.1,148.0,122.31
616,shelmet,4,77,61.0,0.4,7.7,48.12
617,accelgor,8,253,173.0,0.8,25.3,39.53
618,stunfisk,7,110,165.0,0.7,11.0,22.45
619,mienfoo,9,200,70.0,0.9,20.0,24.69
620,mienshao,14,355,179.0,1.4,35.5,18.11
621,druddigon,16,1390,170.0,1.6,139.0,54.3
622,golett,10,920,61.0,1.0,92.0,92.0
623,golurk,28,3300,169.0,2.8,330.0,42.09
624,pawniard,5,102,68.0,0.5,10.2,40.8
625,bisharp,16,700,172.0,1.6,70.0,27.34
626,bouffalant,16,946,172.0,1.6,94.6,36.95
627,rufflet,5,105,70.0,0.5,10.5,42.0
628,braviary,15,410,179.0,1.5,41.0,18.22
629,vullaby,5,90,74.0,0.5,9.0,36.0
630,mandibuzz,12,395,179.0,1.2,39.5,27.43
631,heatmor,14,580,169.0,1.4,58.0,29.59
632,durant,3,330,169.0,0.3,33.0,366.67
633,deino,8,173,60.0,0.8,17.3,27.03
634,zweilous,14,500,147.0,1.4,50.0,25.51
635,hydreigon,18,1600,270.0,1.8,160.0,49.38
636,larvesta,11,288,72.0,1.1,28.8,23.8
637,volcarona,16,460,248.0,1.6,46.0,17.97
638,cobalion,21,2500,261.0,2.1,250.0,56.69
639,terrakion,19,2600,261.0,1.9,260.0,72.02
640,virizion,20,2000,261.0,2.0,200.0,50.0
641,tornadus-incarnate,15,630,261.0,1.5,63.0,28.0
642,thundurus-incarnate,15,610,261.0,1.5,61.0,27.11
643,reshiram,32,3300,306.0,3.2,330.0,32.23
644,zekrom,29,3450,306.0,2.9,345.0,41.02
645,landorus-incarnate,15,680,270.0,1.5,68.0,30.22
646,kyurem,30,3250,297.0,3.0,325.0,36.11
647,keldeo-ordinary,14,485,261.0,1.4,48.5,24.74
648,meloetta-aria,6,65,270.0,0.6,6.5,18.06
649,genesect,15,825,270.0,1.5,82.5,36.67
650,chespin,4,90,63.0,0.4,9.0,56.25
651,quilladin,7,290,142.0,0.7,29.0,59.18
652,chesnaught,16,900,239.0,1.6,90.0,35.16
653,fennekin,4,94,61.0,0.4,9.4,58.75
654,braixen,10,145,143.0,1.0,14.5,14.5
655,delphox,15,390,240.0,1.5,39.0,17.33
656,froakie,3,70,63.0,0.3,7.0,77.78
657,frogadier,6,109,142.0,0.6,10.9,30.28
658,greninja,15,400,239.0,1.5,40.0,17.78
659,bunnelby,4,50,47.0,0.4,5.0,31.25
660,diggersby,10,424,148.0,1.0,42.4,42.4
661,fletchling,3,17,56.0,0.3,1.7,18.89
662,fletchinder,7,160,134.0,0.7,16.0,32.65
663,talonflame,12,245,175.0,1.2,24.5,17.01
664,scatterbug,3,25,40.0,0.3,2.5,27.78
665,spewpa,3,84,75.0,0.3,8.4,93.33
666,vivillon,12,170,185.0,1.2,17.0,11.81
667,litleo,6,135,74.0,0.6,13.5,37.5
668,pyroar,15,815,177.0,1.5,81.5,36.22
669,flabebe,1,1,61.0,0.1,0.1,10.0
670,floette,2,9,130.0,0.2,0.9,22.5
671,florges,11,100,248.0,1.1,10.0,8.26
672,skiddo,9,310,70.0,0.9,31.0,38.27
673,gogoat,17,910,186.0,1.7,91.0,31.49
674,pancham,6,80,70.0,0.6,8.0,22.22
675,pangoro,21,1360,173.0,2.1,136.0,30.84
676,furfrou,12,280,165.0,1.2,28.0,19.44
677,espurr,3,35,71.0,0.3,3.5,38.89
678,meowstic-male,6,85,163.0,0.6,8.5,23.61
679,honedge,8,20,65.0,0.8,2.0,3.12
680,doublade,8,45,157.0,0.8,4.5,7.03
681,aegislash-shield,17,530,234.0,1.7,53.0,18.34
682,spritzee,2,5,68.0,0.2,0.5,12.5
683,aromatisse,8,155,162.0,0.8,15.5,24.22
684,swirlix,4,35,68.0,0.4,3.5,21.87
685,slurpuff,8,50,168.0,0.8,5.0,7.81
686,inkay,4,35,58.0,0.4,3.5,21.87
687,malamar,15,470,169.0,1.5,47.0,20.89
688,binacle,5,310,61.0,0.5,31.0,124.0
689,barbaracle,13,960,175.0,1.3,96.0,56.8
690,skrelp,5,73,64.0,0.5,7.3,29.2
691,dragalge,18,815,173.0,1.8,81.5,25.15
692,clauncher,5,83,66.0,0.5,8.3,33.2
693,clawitzer,13,353,100.0,1.3,35.3,20.89
694,helioptile,5,60,58.0,0.5,6.0,24.0
695,heliolisk,10,210,168.0,1.0,21.0,21.0
696,tyrunt,8,260,72.0,0.8,26.0,40.62
697,tyrantrum,25,2700,182.0,2.5,270.0,43.2
698,amaura,13,252,72.0,1.3,25.2,14.91
699,aurorus,27,2250,104.0,2.7,225.0,30.86
700,sylveon,10,235,184.0,1.0,23.5,23.5
701,hawlucha,8,215,175.0,0.8,21.5,33.59
702,dedenne,2,22,151.0,0.2,2.2,55.0
703,carbink,3,57,100.0,0.3,5.7,63.33
704,goomy,3,28,60.0,0.3,2.8,31.11
705,sliggoo,8,175,158.0,0.8,17.5,27.34
706,goodra,20,1505,270.0,2.0,150.5,37.62
707,klefki,2,30,165.0,0.2,3.0,75.0
708,phantump,4,70,62.0,0.4,7.0,43.75
709,trevenant,15,710,166.0,1.5,71.0,31.56
710,pumpkaboo-average,4,50,67.0,0.4,5.0,31.25
711,gourgeist-average,9,125,173.0,0.9,12.5,15.43
712,bergmite,10,995,61.0,1.0,99.5,99.5
713,avalugg,20,5050,180.0,2.0,505.0,126.25
714,noibat,5,80,49.0,0.5,8.0,32.0
715,noivern,15,850,187.0,1.5,85.0,37.78
716,xerneas,30,2150,306.0,3.0,215.0,23.89
717,yveltal,58,2030,306.0,5.8,203.0,6.03
718,zygarde-50,50,3050,270.0,5.0,305.0,12.2
719,diancie,7,88,270.0,0.7,8.8,17.96
720,hoopa,5,90,270.0,0.5,9.0,36.0
721,volcanion,17,1950,270.0,1.7,195.0,67.47
722,rowlet,3,15,64.0,0.3,1.5,16.67
723,dartrix,7,160,147.0,0.7,16.0,32.65
724,decidueye,16,366,239.0,1.6,36.6,14.3
725,litten,4,43,64.0,0.4,4.3,26.87
726,torracat,7,250,147.0,0.7,25.0,51.02
727,incineroar,18,830,239.0,1.8,83.0,25.62
728,popplio,4,75,64.0,0.4,7.5,46.87
729,brionne,6,175,147.0,0.6,17.5,48.61
730,primarina,18,440,239.0,1.8,44.0,13.58
731,pikipek,3,12,53.0,0.3,1.2,13.33
732,trumbeak,6,148,124.0,0.6,14.8,41.11
733,toucannon,11,260,218.0,1.1,26.0,21.49
734,yungoos,4,60,51.0,0.4,6.0,37.5
735,gumshoos,7,142,146.0,0.7,14.2,28.98
736,grubbin,4,44,60.0,0.4,4.4,27.5
737,charjabug,5,105,140.0,0.5,10.5,42.0
738,vikavolt,15,450,225.0,1.5,45.0,20.0
739,crabrawler,6,70,68.0,0.6,7.0,19.44
740,crabominable,17,1800,167.0,1.7,180.0,62.28
741,oricorio-baile,6,34,167.0,0.6,3.4,9.44
742,cutiefly,1,2,61.0,0.1,0.2,20.0
743,ribombee,2,5,162.0,0.2,0.5,12.5
744,rockruff,5,92,56.0,0.5,9.2,36.8
745,lycanroc-midday,8,250,170.0,0.8,25.0,39.06
746,wishiwashi-solo,2,3,61.0,0.2,0.3,7.5
747,mareanie,4,80,61.0,0.4,8.0,50.0
748,toxapex,7,145,173.0,0.7,14.5,29.59
749,mudbray,10,1100,77.0,1.0,110.0,110.0
750,mudsdale,25,9200,175.0,2.5,920.0,147.2
751,dewpider,3,40,54.0,0.3,4.0,44.44
752,araquanid,18,820,159.0,1.8,82.0,25.31
753,fomantis,3,15,50.0,0.3,1.5,16.67
754,lurantis,9,185,168.0,0.9,18.5,22.84
755,morelull,2,15,57.0,0.2,1.5,37.5
756,shiinotic,10,115,142.0,1.0,11.5,11.5
757,salandit,6,48,64.0,0.6,4.8,13.33
758,salazzle,12,222,168.0,1.2,22.2,15.42
759,stufful,5,68,68.0,0.5,6.8,27.2
760,bewear,21,1350,175.0,2.1,135.0,30.61
761,bounsweet,3,32,42.0,0.3,3.2,35.56
762,steenee,7,82,102.0,0.7,8.2,16.73
763,tsareena,12,214,230.0,1.2,21.4,14.86
764,comfey,1,3,170.0,0.1,0.3,30.0
765,oranguru,15,760,172.0,1.5,76.0,33.78
766,passimian,20,828,172.0,2.0,82.8,20.7
767,wimpod,5,120,46.0,0.5,12.0,48.0
768,golisopod,20,1080,186.0,2.0,108.0,27.0
769,sandygast,5,700,64.0,0.5,70.0,280.0
770,palossand,13,2500,168.0,1.3,250.0,147.93
771,pyukumuku,3,12,144.0,0.3,1.2,13.33
772,type-null,19,1205,107.0,1.9,120.5,33.38
773,silvally,23,1005,257.0,2.3,100.5,19.0
774,minior-red-meteor,3,400,154.0,0.3,40.0,444.44
775,komala,4,199,168.0,0.4,19.9,124.37
776,turtonator,20,2120,170.0,2.0,212.0,53.0
777,togedemaru,3,33,152.0,0.3,3.3,36.67
778,mimikyu-disguised,2,7,167.0,0.2,0.7,17.5
779,bruxish,9,190,166.0,0.9,19.0,23.46
780,drampa,30,1850,170.0,3.0,185.0,20.56
781,dhelmise,39,2100,181.0,3.9,210.0,13.81
782,jangmo-o,6,297,60.0,0.6,29.7,82.5
783,hakamo-o,12,470,147.0,1.2,47.0,32.64
784,kommo-o,16,782,270.0,1.6,78.2,30.55
785,tapu-koko,18,205,257.0,1.8,20.5,6.33
786,tapu-lele,12,186,257.0,1.2,18.6,12.92
787,tapu-bulu,19,455,257.0,1.9,45.5,12.6
788,tapu-fini,13,212,257.0,1.3,21.2,12.54
789,cosmog,2,1,40.0,0.2,0.1,2.5
790,cosmoem,1,9999,140.0,0.1,999.9,99990.0
791,solgaleo,34,2300,306.0,3.4,230.0,19.9
792,lunala,40,1200,306.0,4.0,120.0,7.5
793,nihilego,12,555,257.0,1.2,55.5,38.54
794,buzzwole,24,3336,257.0,2.4,333.6,57.92
795,pheromosa,18,250,257.0,1.8,25.0,7.72
796,xurkitree,38,1000,257.0,3.8,100.0,6.93
797,celesteela,92,9999,257.0,9.2,999.9,11.81
798,kartana,3,1,257.0,0.3,0.1,1.11
799,guzzlord,55,8880,257.0,5.5,888.0,29.36
800,necrozma,24,2300,270.0,2.4,230.0,39.93
801,magearna,10,805,270.0,1.0,80.5,80.5
802,marshadow,7,222,270.0,0.7,22.2,45.31
803,poipole,6,18,189.0,0.6,1.8,5.0
804,naganadel,36,1500,243.0,3.6,150.0,11.57
805,stakataka,55,8200,257.0,5.5,820.0,27.11
806,blacephalon,18,130,257.0,1.8,13.0,4.01
807,zeraora,15,445,270.0,1.5,44.5,19.78
808,meltan,2,80,135.0,0.2,8.0,200.0
809,melmetal,25,8000,270.0,2.5,800.0,128.0
810,grookey,3,50,62.0,0.3,5.0,55.56
811,thwackey,7,140,147.0,0.7,14.0,28.57
812,rillaboom,21,900,265.0,2.1,90.0,20.41
813,scorbunny,3,45,62.0,0.3,4.5,50.0
814,raboot,6,90,147.0,0.6,9.0,25.0
815,cinderace,14,330,265.0,1.4,33.0,16.84
816,sobble,3,40,62.0,0.3,4.0,44.44
817,drizzile,7,115,147.0,0.7,11.5,23.47
818,inteleon,19,452,265.0,1.9,45.2,12.52
819,skwovet,3,25,55.0,0.3,2.5,27.78
820,greedent,6,60,161.0,0.6,6.0,16.67
821,rookidee,2,18,49.0,0.2,1.8,45.0
822,corvisquire,8,160,128.0,0.8,16.0,25.0
823,corviknight,22,750,248.0,2.2,75.0,15.5
824,blipbug,4,80,36.0,0.4,8.0,50.0
825,dottler,4,195,117.0,0.4,19.5,121.87
826,orbeetle,4,408,253.0,0.4,40.8,255.0
827,nickit,6,89,49.0,0.6,8.9,24.72
828,thievul,12,199,159.0,1.2,19.9,13.82
829,gossifleur,4,22,50.0,0.4,2.2,13.75
830,eldegoss,5,25,161.0,0.5,2.5,10.0
831,wooloo,6,60,122.0,0.6,6.0,16.67
832,dubwool,13,430,172.0,1.3,43.0,25.44
833,chewtle,3,85,57.0,0.3,8.5,94.44
834,drednaw,10,1155,170.0,1.0,115.5,115.5
835,yamper,3,135,54.0,0.3,13.5,150.0
836,boltund,10,340,172.0,1.0,34.0,34.0
837,rolycoly,3,120,48.0,0.3,12.0,133.33
838,carkol,11,780,144.0,1.1,78.0,64.46
839,coalossal,28,3105,255.0,2.8,310.5,39.6
840,applin,2,5,52.0,0.2,0.5,12.5
841,flapple,3,10,170.0,0.3,1.0,11.11
842,appletun,4,130,170.0,0.4,13.0,81.25
843,silicobra,22,76,63.0,2.2,7.6,1.57
844,sandaconda,38,655,179.0,3.8,65.5,4.54
845,cramorant,8,180,166.0,0.8,18.0,28.12
846,arrokuda,5,10,56.0,0.5,1.0,4.0
847,barraskewda,13,300,172.0,1.3,30.0,17.75
848,toxel,4,110,48.0,0.4,11.0,68.75
849,toxtricity-amped,16,400,176.0,1.6,40.0,15.62
850,sizzlipede,7,10,61.0,0.7,1.0,2.04
851,centiskorch,30,1200,184.0,3.0,120.0,13.33
852,clobbopus,6,40,62.0,0.6,4.0,11.11
853,grapploct,16,390,168.0,1.6,39.0,15.23
854,sinistea,1,2,62.0,0.1,0.2,20.0
855,polteageist,2,4,178.0,0.2,0.4,10.0
856,hatenna,4,34,53.0,0.4,3.4,21.25
857,hattrem,6,48,130.0,0.6,4.8,13.33
858,hatterene,21,51,255.0,2.1,5.1,1.16
859,impidimp,4,55,53.0,0.4,5.5,34.37
860,morgrem,8,125,130.0,0.8,12.5,19.53
861,grimmsnarl,15,610,255.0,1.5,61.0,27.11
862,obstagoon,16,460,260.0,1.6,46.0,17.97
863,perrserker,8,280,154.0,0.8,28.0,43.75
864,cursola,10,4,179.0,1.0,0.4,0.4
865,sirfetchd,8,1170,177.0,0.8,117.0,182.81
866,mr-rime,15,582,182.0,1.5,58.2,25.87
867,runerigus,16,666,169.0,1.6,66.6,26.02
868,milcery,2,3,54.0,0.2,0.3,7.5
869,alcremie,3,5,173.0,0.3,0.5,5.56
870,falinks,30,620,165.0,3.0,62.0,6.89
871,pincurchin,3,10,152.0,0.3,1.0,11.11
872,snom,3,38,37.0,0.3,3.8,42.22
873,frosmoth,13,420,166.0,1.3,42.0,24.85
874,stonjourner,25,5200,165.0,2.5,520.0,83.2
875,eiscue-ice,14,890,165.0,1.4,89.0,45.41
876,indeedee-male,9,280,166.0,0.9,28.0,34.57
877,morpeko-full-belly,3,30,153.0,0.3,3.0,33.33
878,cufant,12,1000,66.0,1.2,100.0,69.44
879,copperajah,30,6500,175.0,3.0,650.0,72.22
880,dracozolt,18,1900,177.0,1.8,190.0,58.64
881,arctozolt,23,1500,177.0,2.3,150.0,28.36
882,dracovish,23,2150,177.0,2.3,215.0,40.64
883,arctovish,20,1750,177.0,2.0,175.0,43.75
884,duraludon,18,400,187.0,1.8,40.0,12.35
885,dreepy,5,20,54.0,0.5,2.0,8.0
886,drakloak,14,110,144.0,1.4,11.0,5.61
887,dragapult,30,500,300.0,3.0,50.0,5.56
888,zacian,28,1100,335.0,2.8,110.0,14.03
889,zamazenta,29,2100,335.0,2.9,210.0,24.97
890,eternatus,200,9500,345.0,20.0,950.0,2.38
891,kubfu,6,120,77.0,0.6,12.0,33.33
892,urshifu-single-strike,19,1050,275.0,1.9,105.0,29.09
893,zarude,18,700,300.0,1.8,70.0,21.6
894,regieleki,12,1450,290.0,1.2,145.0,100.69
895,regidrago,21,2000,290.0,2.1,200.0,45.35
896,glastrier,22,8000,290.0,2.2,800.0,165.29
897,spectrier,20,445,290.0,2.0,44.5,11.12
898,calyrex,11,77,250.0,1.1,7.7,6.36
899,wyrdeer,18,951,263.0,1.8,95.1,29.35
900,kleavor,18,890,175.0,1.8,89.0,27.47
901,ursaluna,24,2900,275.0,2.4,290.0,50.35
902,basculegion-male,30,1100,265.0,3.0,110.0,12.22
903,sneasler,13,430,102.0,1.3,43.0,25.44
904,overqwil,25,605,179.0,2.5,60.5,9.68
905,enamorus-incarnate,16,480,116.0,1.6,48.0,18.75
906,sprigatito,4,41,62.0,0.4,4.1,25.62
907,floragato,9,122,144.0,0.9,12.2,15.06
908,meowscarada,15,312,265.0,1.5,31.2,13.87
909,fuecoco,4,98,62.0,0.4,9.8,61.25
910,crocalor,10,307,144.0,1.0,30.7,30.7
911,skeledirge,16,3265,265.0,1.6,326.5,127.54
912,quaxly,5,61,62.0,0.5,6.1,24.4
913,quaxwell,12,215,144.0,1.2,21.5,14.93
914,quaquaval,18,619,265.0,1.8,61.9,19.1
915,lechonk,5,102,51.0,0.5,10.2,40.8
916,oinkologne-male,10,1200,171.0,1.0,120.0,120.0
917,tarountula,3,40,42.0,0.3,4.0,44.44
918,spidops,10,165,141.0,1.0,16.5,16.5
919,nymble,2,10,42.0,0.2,1.0,25.0
920,lokix,10,175,158.0,1.0,17.5,17.5
921,pawmi,3,25,48.0,0.3,2.5,27.78
922,pawmo,4,65,123.0,0.4,6.5,40.62
923,pawmot,9,410,245.0,0.9,41.0,50.62
924,tandemaus,3,18,61.0,0.3,1.8,20.0
925,maushold-family-of-four,3,23,165.0,0.3,2.3,25.56
926,fidough,3,109,62.0,0.3,10.9,121.11
927,dachsbun,5,149,167.0,0.5,14.9,59.6
928,smoliv,3,65,52.0,0.3,6.5,72.22
929,dolliv,6,119,124.0,0.6,11.9,33.06
930,arboliva,14,482,255.0,1.4,48.2,24.59
931,squawkabilly-green-plumage,6,24,146.0,0.6,2.4,6.67
932,nacli,4,160,56.0,0.4,16.0,100.0
933,naclstack,6,1050,124.0,0.6,105.0,291.67
934,garganacl,23,2400,250.0,2.3,240.0,45.37
935,charcadet,6,105,51.0,0.6,10.5,29.17
936,armarouge,15,850,263.0,1.5,85.0,37.78
937,ceruledge,16,620,263.0,1.6,62.0,24.22
938,tadbulb,3,4,54.0,0.3,0.4,4.44
939,bellibolt,12,1130,173.0,1.2,113.0,78.47
940,wattrel,4,36,56.0,0.4,3.6,22.5
941,kilowattrel,14,386,172.0,1.4,38.6,19.69
942,maschiff,5,160,68.0,0.5,16.0,64.0
943,mabosstiff,11,610,177.0,1.1,61.0,50.41
944,shroodle,2,7,58.0,0.2,0.7,17.5
945,grafaiai,7,272,170.0,0.7,27.2,55.51
946,bramblin,6,6,55.0,0.6,0.6,1.67
947,brambleghast,12,60,168.0,1.2,6.0,4.17
948,toedscool,9,330,67.0,0.9,33.0,40.74
949,toedscruel,19,580,180.0,1.9,58.0,16.07
950,klawf,13,790,158.0,1.3,79.0,46.75
951,capsakid,3,30,61.0,0.3,3.0,33.33
952,scovillain,9,150,170.0,0.9,15.0,18.52
953,rellor,2,10,54.0,0.2,1.0,25.0
954,rabsca,3,35,165.0,0.3,3.5,38.89
955,flittle,2,15,51.0,0.2,1.5,37.5
956,espathra,19,900,168.0,1.9,90.0,24.93
957,tinkatink,4,89,59.0,0.4,8.9,55.62
958,tinkatuff,7,591,133.0,0.7,59.1,120.61
959,tinkaton,7,1128,253.0,0.7,112.8,230.2
960,wiglett,12,18,49.0,1.2,1.8,1.25
961,wugtrio,12,54,149.0,1.2,5.4,3.75
962,bombirdier,15,429,243.0,1.5,42.9,19.07
963,finizen,13,602,63.0,1.3,60.2,35.62
964,palafin-zero,13,602,160.0,1.3,60.2,35.62
965,varoom,10,350,60.0,1.0,35.0,35.0
966,revavroom,18,1200,175.0,1.8,120.0,37.04
967,cyclizar,16,630,175.0,1.6,63.0,24.61
968,orthworm,25,3100,240.0,2.5,310.0,49.6
969,glimmet,7,80,70.0,0.7,8.0,16.33
970,glimmora,15,450,184.0,1.5,45.0,20.0
971,greavard,6,350,58.0,0.6,35.0,97.22
972,houndstone,20,150,171.0,2.0,15.0,3.75
973,flamigo,16,370,175.0,1.6,37.0,14.45
974,cetoddle,12,450,67.0,1.2,45.0,31.25
975,cetitan,45,7000,182.0,4.5,700.0,34.57
976,veluza,25,900,167.0,2.5,90.0,14.4
977,dondozo,120,2200,265.0,12.0,220.0,1.53
978,tatsugiri-curly,3,80,166.0,0.3,8.0,88.89
979,annihilape,12,560,268.0,1.2,56.0,38.89
980,clodsire,18,2230,151.0,1.8,223.0,68.83
981,farigiraf,32,1600,260.0,3.2,160.0,15.62
982,dudunsparce-two-segment,36,392,182.0,3.6,39.2,3.02
983,kingambit,20,1200,275.0,2.0,120.0,30.0
984,great-tusk,22,3200,285.0,2.2,320.0,66.12
985,scream-tail,12,80,285.0,1.2,8.0,5.56
986,brute-bonnet,12,210,285.0,1.2,21.0,14.58
987,flutter-mane,14,40,285.0,1.4,4.0,2.04
988,slither-wing,32,920,285.0,3.2,92.0,8.98
989,sandy-shocks,23,600,285.0,2.3,60.0,11.34
990,iron-treads,9,2400,285.0,0.9,240.0,296.3
991,iron-bundle,6,110,285.0,0.6,11.0,30.56
992,iron-hands,18,3807,285.0,1.8,380.7,117.5
993,iron-jugulis,13,1110,285.0,1.3,111.0,65.68
994,iron-moth,12,360,285.0,1.2,36.0,25.0
995,iron-thorns,16,3030,285.0,1.6,303.0,118.36
996,frigibax,5,170,64.0,0.5,17.0,68.0
997,arctibax,8,300,148.0,0.8,30.0,46.87
998,baxcalibur,21,2100,300.0,2.1,210.0,47.62
999,gimmighoul,3,50,60.0,0.3,5.0,55.56
1000,gholdengo,12,300,275.0,1.2,30.0,20.83
1001,wo-chien,15,742,285.0,1.5,74.2,32.98
1002,chien-pao,19,1522,285.0,1.9,152.2,42.16
1003,ting-lu,27,6997,285.0,2.7,699.7,95.98
1004,chi-yu,4,49,285.0,0.4,4.9,30.62
1005,roaring-moon,20,3800,295.0,2.0,380.0,95.0
1006,iron-valiant,14,350,295.0,1.4,35.0,17.86
1007,koraidon,25,3030,335.0,2.5,303.0,48.48
1008,miraidon,35,2400,335.0,3.5,240.0,19.59
1009,walking-wake,35,2800,295.0,3.5,280.0,22.86
1010,iron-leaves,15,1250,295.0,1.5,125.0,55.56
1011,dipplin,4,97,170.0,0.4,9.7,60.62
1012,poltchageist,1,11,62.0,0.1,1.1,110.0
1013,sinistcha,2,22,178.0,0.2,2.2,55.0
1014,okidogi,18,922,278.0,1.8,92.2,28.46
1015,munkidori,10,122,278.0,1.0,12.2,12.2
1016,fezandipiti,14,301,278.0,1.4,30.1,15.36
1017,ogerpon,12,398,275.0,1.2,39.8,27.64
1018,archaludon,20,600,300.0,2.0,60.0,15.0
1019,hydrapple,18,930,270.0,1.8,93.0,28.7
1020,gouging-fire,35,5900,295.0,3.5,590.0,48.16
1021,raging-bolt,52,4800,295.0,5.2,480.0,17.75
1022,iron-boulder,15,1625,295.0,1.5,162.5,72.22
1023,iron-crown,16,1560,295.0,1.6,156.0,60.94
1024,terapagos,2,65,90.0,0.2,6.5,162.5
1025,pecharunt,3,3,300.0,0.3,0.3,3.33
1026,deoxys-attack,17,608,270.0,1.7,60.8,21.04
1027,deoxys-defense,17,608,270.0,1.7,60.8,21.04
1028,deoxys-speed,17,608,270.0,1.7,60.8,21.04
1029,wormadam-sandy,5,65,148.0,0.5,6.5,26.0
1030,wormadam-trash,5,65,148.0,0.5,6.5,26.0
1031,shaymin-sky,4,52,270.0,0.4,5.2,32.5
1032,giratina-origin,69,6500,340.0,6.9,650.0,13.65
1033,rotom-heat,3,3,182.0,0.3,0.3,3.33
1034,rotom-wash,3,3,182.0,0.3,0.3,3.33
1035,rotom-frost,3,3,182.0,0.3,0.3,3.33
1036,rotom-fan,3,3,182.0,0.3,0.3,3.33
1037,rotom-mow,3,3,182.0,0.3,0.3,3.33
1038,castform-sunny,3,8,147.0,0.3,0.8,8.89
1039,castform-rainy,3,8,147.0,0.3,0.8,8.89
1040,castform-snowy,3,8,147.0,0.3,0.8,8.89
1041,basculin-blue-striped,10,180,161.0,1.0,18.0,18.0
1042,darmanitan-zen,13,929,189.0,1.3,92.9,54.97
1043,meloetta-pirouette,6,65,270.0,0.6,6.5,18.06
1044,tornadus-therian,14,630,290.0,1.4,63.0,32.14
1045,thundurus-therian,30,610,290.0,3.0,61.0,6.78
1046,landorus-therian,13,680,300.0,1.3,68.0,40.24
1047,kyurem-black,33,3250,350.0,3.3,325.0,29.84
1048,kyurem-white,36,3250,350.0,3.6,325.0,25.08
1049,keldeo-resolute,14,485,290.0,1.4,48.5,24.74
1050,meowstic-female,6,85,163.0,0.6,8.5,23.61
1051,aegislash-blade,17,530,250.0,1.7,53.0,18.34
1052,pumpkaboo-small,3,35,67.0,0.3,3.5,38.89
1053,pumpkaboo-large,5,75,67.0,0.5,7.5,30.0
1054,pumpkaboo-super,8,150,67.0,0.8,15.0,23.44
1055,gourgeist-small,7,95,173.0,0.7,9.5,19.39
1056,gourgeist-large,11,140,173.0,1.1,14.0,11.57
1057,gourgeist-super,17,390,173.0,1.7,39.0,13.49
1058,venusaur-mega,24,1555,281.0,2.4,155.5,27.0
1059,charizard-mega-x,17,1105,285.0,1.7,110.5,38.24
1060,charizard-mega-y,17,1005,285.0,1.7,100.5,34.78
1061,blastoise-mega,16,1011,284.0,1.6,101.1,39.49
1062,alakazam-mega,12,480,270.0,1.2,48.0,33.33
1063,gengar-mega,14,405,270.0,1.4,40.5,20.66
1064,kangaskhan-mega,22,1000,207.0,2.2,100.0,20.66
1065,pinsir-mega,17,590,210.0,1.7,59.0,20.42
1066,gyarados-mega,65,3050,224.0,6.5,305.0,7.22
1067,aerodactyl-mega,21,790,215.0,2.1,79.0,17.91
1068,mewtwo-mega-x,23,1270,351.0,2.3,127.0,24.01
1069,mewtwo-mega-y,15,330,351.0,1.5,33.0,14.67
1070,ampharos-mega,14,615,275.0,1.4,61.5,31.38
1071,scizor-mega,20,1250,210.0,2.0,125.0,31.25
1072,heracross-mega,17,625,210.0,1.7,62.5,21.63
1073,houndoom-mega,19,495,210.0,1.9,49.5,13.71
1074,tyranitar-mega,25,2550,315.0,2.5,255.0,40.8
1075,blaziken-mega,19,520,284.0,1.9,52.0,14.4
1076,gardevoir-mega,16,484,278.0,1.6,48.4,18.91
1077,mawile-mega,10,235,168.0,1.0,23.5,23.5
1078,aggron-mega,22,3950,284.0,2.2,395.0,81.61
1079,medicham-mega,13,315,179.0,1.3,31.5,18.64
1080,manectric-mega,18,440,201.0,1.8,44.0,13.58
1081,banette-mega,12,130,194.0,1.2,13.0,9.03
1082,absol-mega,12,490,198.0,1.2,49.0,34.03
1083,garchomp-mega,19,950,315.0,1.9,95.0,26.32
1084,lucario-mega,13,575,219.0,1.3,57.5,34.02
1085,abomasnow-mega,27,1850,208.0,2.7,185.0,25.38
1086,floette-eternal,2,9,243.0,0.2,0.9,22.5
1087,latias-mega,18,520,315.0,1.8,52.0,16.05
1088,latios-mega,23,700,315.0,2.3,70.0,13.23
1089,swampert-mega,19,1020,286.0,1.9,102.0,28.25
1090,sceptile-mega,19,552,284.0,1.9,55.2,15.29
1091,sableye-mega,5,1610,168.0,0.5,161.0,644.0
1092,altaria-mega,15,206,207.0,1.5,20.6,9.16
1093,gallade-mega,16,564,278.0,1.6,56.4,22.03
1094,audino-mega,15,320,425.0,1.5,32.0,14.22
1095,sharpedo-mega,25,1303,196.0,2.5,130.3,20.85
1096,slowbro-mega,20,1200,207.0,2.0,120.0,30.0
1097,steelix-mega,105,7400,214.0,10.5,740.0,6.71
1098,pidgeot-mega,22,505,261.0,2.2,50.5,10.43
1099,glalie-mega,21,3502,203.0,2.1,350.2,79.41
1100,diancie-mega,11,278,315.0,1.1,27.8,22.98
1101,metagross-mega,25,9429,315.0,2.5,942.9,150.86
1102,kyogre-primal,98,4300,347.0,9.8,430.0,4.48
1103,groudon-primal,50,9997,347.0,5.0,999.7,39.99
1104,rayquaza-mega,108,3920,351.0,10.8,392.0,3.36
1105,pikachu-rock-star,4,60,112.0,0.4,6.0,37.5
1106,pikachu-belle,4,60,112.0,0.4,6.0,37.5
1107,pikachu-pop-star,4,60,112.0,0.4,6.0,37.5
1108,pikachu-phd,4,60,112.0,0.4,6.0,37.5
1109,pikachu-libre,4,60,112.0,0.4,6.0,37.5
1110,pikachu-cosplay,4,60,112.0,0.4,6.0,37.5
1111,hoopa-unbound,65,4900,306.0,6.5,490.0,11.6
1112,camerupt-mega,25,3205,196.0,2.5,320.5,51.28
1113,lopunny-mega,13,283,203.0,1.3,28.3,16.75
1114,salamence-mega,18,1126,315.0,1.8,112.6,34.75
1115,beedrill-mega,14,405,223.0,1.4,40.5,20.66
1116,rattata-alola,3,38,51.0,0.3,3.8,42.22
1117,raticate-alola,7,255,145.0,0.7,25.5,52.04
1118,raticate-totem-alola,14,1050,145.0,1.4,105.0,53.57
1119,pikachu-original-cap,4,60,112.0,0.4,6.0,37.5
1120,pikachu-hoenn-cap,4,60,112.0,0.4,6.0,37.5
1121,pikachu-sinnoh-cap,4,60,112.0,0.4,6.0,37.5
1122,pikachu-unova-cap,4,60,112.0,0.4,6.0,37.5
1123,pikachu-kalos-cap,4,60,112.0,0.4,6.0,37.5
1124,pikachu-alola-cap,4,60,112.0,0.4,6.0,37.5
1125,raichu-alola,7,210,243.0,0.7,21.0,42.86
1126,sandshrew-alola,7,400,60.0,0.7,40.0,81.63
1127,sandslash-alola,12,550,158.0,1.2,55.0,38.19
1128,vulpix-alola,6,99,60.0,0.6,9.9,27.5
1129,ninetales-alola,11,199,177.0,1.1,19.9,16.45
1130,diglett-alola,2,10,53.0,0.2,1.0,25.0
1131,dugtrio-alola,7,666,149.0,0.7,66.6,135.92
1132,meowth-alola,4,42,58.0,0.4,4.2,26.25
1133,persian-alola,11,330,154.0,1.1,33.0,27.27
1134,geodude-alola,4,203,60.0,0.4,20.3,126.87
1135,graveler-alola,10,1100,137.0,1.0,110.0,110.0
1136,golem-alola,17,3160,223.0,1.7,316.0,109.34
1137,grimer-alola,7,420,65.0,0.7,42.0,85.71
1138,muk-alola,10,520,175.0,1.0,52.0,52.0
1139,exeggutor-alola,109,4156,186.0,10.9,415.6,3.5
1140,marowak-alola,10,340,149.0,1.0,34.0,34.0
1141,greninja-battle-bond,15,400,239.0,1.5,40.0,17.78
1142,greninja-ash,15,400,288.0,1.5,40.0,17.78
1143,zygarde-10-power-construct,12,335,243.0,1.2,33.5,23.26
1144,zygarde-50-power-construct,50,3050,300.0,5.0,305.0,12.2
1145,zygarde-complete,45,6100,354.0,4.5,610.0,30.12
1146,gumshoos-totem,14,600,146.0,1.4,60.0,30.61
1147,vikavolt-totem,26,1475,225.0,2.6,147.5,21.82
1148,oricorio-pom-pom,6,34,167.0,0.6,3.4,9.44
1149,oricorio-pau,6,34,167.0,0.6,3.4,9.44
1150,oricorio-sensu,6,34,167.0,0.6,3.4,9.44
1151,lycanroc-midnight,11,250,170.0,1.1,25.0,20.66
1152,wishiwashi-school,82,786,217.0,8.2,78.6,1.17
1153,lurantis-totem,15,580,168.0,1.5,58.0,25.78
1154,salazzle-totem,21,810,168.0,2.1,81.0,18.37
1155,minior-orange-meteor,3,400,154.0,0.3,40.0,444.44
1156,minior-yellow-meteor,3,400,154.0,0.3,40.0,444.44
1157,minior-green-meteor,3,400,154.0,0.3,40.0,444.44
1158,minior-blue-meteor,3,400,154.0,0.3,40.0,444.44
1159,minior-indigo-meteor,3,400,154.0,0.3,40.0,444.44
1160,minior-violet-meteor,3,400,154.0,0.3,40.0,444.44
1161,minior-red,3,3,175.0,0.3,0.3,3.33
1162,minior-orange,3,3,175.0,0.3,0.3,3.33
1163,minior-yellow,3,3,175.0,0.3,0.3,3.33
1164,minior-green,3,3,175.0,0.3,0.3,3.33
1165,minior-blue,3,3,175.0,0.3,0.3,3.33
1166,minior-indigo,3,3,175.0,0.3,0.3,3.33
1167,minior-violet,3,3,175.0,0.3,0.3,3.33
1168,mimikyu-busted,2,7,167.0,0.2,0.7,17.5
1169,mimikyu-totem-disguised,4,28,167.0,0.4,2.8,17.5
1170,mimikyu-totem-busted,4,28,167.0,0.4,2.8,17.5
1171,kommo-o-totem,24,2075,270.0,2.4,207.5,36.02
1172,magearna-original,10,805,300.0,1.0,80.5,80.5
1173,pikachu-partner-cap,4,60,112.0,0.4,6.0,37.5
1174,marowak-totem,17,980,149.0,1.7,98.0,33.91
1175,ribombee-totem,4,20,162.0,0.4,2.0,12.5
1176,rockruff-own-tempo,5,92,56.0,0.5,9.2,36.8
1177,lycanroc-dusk,8,250,170.0,0.8,25.0,39.06
1178,araquanid-totem,31,2175,159.0,3.1,217.5,22.63
1179,togedemaru-totem,6,130,152.0,0.6,13.0,36.11
1180,necrozma-dusk,38,4600,340.0,3.8,460.0,31.86
1181,necrozma-dawn,42,3500,340.0,4.2,350.0,19.84
1182,necrozma-ultra,75,2300,339.0,7.5,230.0,4.09
1183,pikachu-starter,4,60,86.0,0.4,6.0,37.5
1184,eevee-starter,3,65,87.0,0.3,6.5,72.22
1185,pikachu-world-cap,4,60,112.0,0.4,6.0,37.5
1186,meowth-galar,4,75,58.0,0.4,7.5,46.87
1187,ponyta-galar,8,240,82.0,0.8,24.0,37.5
1188,rapidash-galar,17,800,175.0,1.7,80.0,27.68
1189,slowpoke-galar,12,360,63.0,1.2,36.0,25.0
1190,slowbro-galar,16,705,172.0,1.6,70.5,27.54
1191,farfetchd-galar,8,420,132.0,0.8,42.0,65.62
1192,weezing-galar,30,160,172.0,3.0,16.0,1.78
1193,mr-mime-galar,14,568,161.0,1.4,56.8,28.98
1194,articuno-galar,17,509,290.0,1.7,50.9,17.61
1195,zapdos-galar,16,582,290.0,1.6,58.2,22.73
1196,moltres-galar,20,660,290.0,2.0,66.0,16.5
1197,slowking-galar,18,795,172.0,1.8,79.5,24.54
1198,corsola-galar,6,5,144.0,0.6,0.5,1.39
1199,zigzagoon-galar,4,175,56.0,0.4,17.5,109.37
1200,linoone-galar,5,325,147.0,0.5,32.5,130.0
1201,darumaka-galar,7,400,63.0,0.7,40.0,81.63
1202,darmanitan-galar-standard,17,1200,168.0,1.7,120.0,41.52
1203,darmanitan-galar-zen,17,1200,189.0,1.7,120.0,41.52
1204,yamask-galar,5,15,61.0,0.5,1.5,6.0
1205,stunfisk-galar,7,205,165.0,0.7,20.5,41.84
1206,zygarde-10,12,335,243.0,1.2,33.5,23.26
1207,cramorant-gulping,8,180,166.0,0.8,18.0,28.12
1208,cramorant-gorging,8,180,166.0,0.8,18.0,28.12
1209,toxtricity-low-key,16,400,176.0,1.6,40.0,15.62
1210,eiscue-noice,14,890,165.0,1.4,89.0,45.41
1211,indeedee-female,9,280,166.0,0.9,28.0,34.57
1212,morpeko-hangry,3,30,153.0,0.3,3.0,33.33
1213,zacian-crowned,28,3550,360.0,2.8,355.0,45.28
1214,zamazenta-crowned,29,7850,360.0,2.9,785.0,93.34
1215,eternatus-eternamax,1000,0,563.0,100.0,0.0,0.0
1216,urshifu-rapid-strike,19,1050,275.0,1.9,105.0,29.09
1217,zarude-dada,18,700,300.0,1.8,70.0,21.6
1218,calyrex-ice,24,8091,340.0,2.4,809.1,140.47
1219,calyrex-shadow,24,536,340.0,2.4,53.6,9.31
1220,venusaur-gmax,240,10000,236.0,24.0,1000.0,1.74
1221,charizard-gmax,280,10000,240.0,28.0,1000.0,1.28
1222,blastoise-gmax,250,10000,239.0,25.0,1000.0,1.6
1223,butterfree-gmax,170,10000,178.0,17.0,1000.0,3.46
1224,pikachu-gmax,210,10000,112.0,21.0,1000.0,2.27
1225,meowth-gmax,330,10000,58.0,33.0,1000.0,0.92
1226,machamp-gmax,250,10000,227.0,25.0,1000.0,1.6
1227,gengar-gmax,200,10000,225.0,20.0,1000.0,2.5
1228,kingler-gmax,190,10000,166.0,19.0,1000.0,2.77
1229,lapras-gmax,240,10000,187.0,24.0,1000.0,1.74
1230,eevee-gmax,180,10000,65.0,18.0,1000.0,3.09
1231,snorlax-gmax,350,10000,189.0,35.0,1000.0,0.82
1232,garbodor-gmax,210,10000,166.0,21.0,1000.0,2.27
1233,melmetal-gmax,250,10000,270.0,25.0,1000.0,1.6
1234,rillaboom-gmax,280,10000,265.0,28.0,1000.0,1.28
1235,cinderace-gmax,270,10000,265.0,27.0,1000.0,1.37
1236,inteleon-gmax,400,10000,265.0,40.0,1000.0,0.62
1237,corviknight-gmax,140,10000,248.0,14.0,1000.0,5.1
1238,orbeetle-gmax,140,10000,253.0,14.0,1000.0,5.1
1239,drednaw-gmax,240,10000,170.0,24.0,1000.0,1.74
1240,coalossal-gmax,420,10000,255.0,42.0,1000.0,0.57
1241,flapple-gmax,240,10000,170.0,24.0,1000.0,1.74
1242,appletun-gmax,240,10000,170.0,24.0,1000.0,1.74
1243,sandaconda-gmax,220,10000,179.0,22.0,1000.0,2.07
1244,toxtricity-amped-gmax,240,10000,176.0,24.0,1000.0,1.74
1245,centiskorch-gmax,750,10000,184.0,75.0,1000.0,0.18
1246,hatterene-gmax,260,10000,255.0,26.0,1000.0,1.48
1247,grimmsnarl-gmax,320,10000,255.0,32.0,1000.0,0.98
1248,alcremie-gmax,300,10000,173.0,30.0,1000.0,1.11
1249,copperajah-gmax,230,10000,175.0,23.0,1000.0,1.89
1250,duraludon-gmax,430,10000,187.0,43.0,1000.0,0.54
1251,urshifu-single-strike-gmax,290,10000,275.0,29.0,1000.0,1.19
1252,urshifu-rapid-strike-gmax,260,10000,275.0,26.0,1000.0,1.48
1253,toxtricity-low-key-gmax,240,10000,176.0,24.0,1000.0,1.74
1254,growlithe-hisui,8,227,70.0,0.8,22.7,35.47
1255,arcanine-hisui,20,1680,194.0,2.0,168.0,42.0
1256,voltorb-hisui,5,130,66.0,0.5,13.0,52.0
1257,electrode-hisui,12,710,172.0,1.2,71.0,49.31
1258,typhlosion-hisui,16,698,240.0,1.6,69.8,27.27
1259,qwilfish-hisui,5,39,88.0,0.5,3.9,15.6
1260,sneasel-hisui,9,270,86.0,0.9,27.0,33.33
1261,samurott-hisui,15,582,238.0,1.5,58.2,25.87
1262,lilligant-hisui,12,192,168.0,1.2,19.2,13.33
1263,zorua-hisui,7,125,66.0,0.7,12.5,25.51
1264,zoroark-hisui,16,730,179.0,1.6,73.0,28.52
1265,braviary-hisui,17,434,179.0,1.7,43.4,15.02
1266,sliggoo-hisui,7,685,158.0,0.7,68.5,139.8
1267,goodra-hisui,17,3341,270.0,1.7,334.1,115.61
1268,avalugg-hisui,14,2624,180.0,1.4,262.4,133.88
1269,decidueye-hisui,16,370,239.0,1.6,37.0,14.45
1270,dialga-origin,70,8487,306.0,7.0,848.7,17.32
1271,palkia-origin,63,6590,306.0,6.3,659.0,16.6
1272,basculin-white-striped,10,180,161.0,1.0,18.0,18.0
1273,basculegion-female,30,1100,265.0,3.0,110.0,12.22
1274,enamorus-therian,16,480,116.0,1.6,48.0,18.75
1275,tauros-paldea-combat-breed,14,1150,172.0,1.4,115.0,58.67
1276,tauros-paldea-blaze-breed,14,850,172.0,1.4,85.0,43.37
1277,tauros-paldea-aqua-breed,14,1100,172.0,1.4,110.0,56.12
1278,wooper-paldea,4,110,42.0,0.4,11.0,68.75
1279,oinkologne-female,10,1200,171.0,1.0,120.0,120.0
1280,dudunsparce-three-segment,45,474,182.0,4.5,47.4,2.34
1281,palafin-hero,18,974,160.0,1.8,97.4,30.06
1282,maushold-family-of-three,3,28,165.0,0.3,2.8,31.11
1283,tatsugiri-droopy,3,80,166.0,0.3,8.0,88.89
1284,tatsugiri-stretchy,3,80,166.0,0.3,8.0,88.89
1285,squawkabilly-blue-plumage,6,24,146.0,0.6,2.4,6.67
1286,squawkabilly-yellow-plumage,6,24,146.0,0.6,2.4,6.67
1287,squawkabilly-white-plumage,6,24,146.0,0.6,2.4,6.67
1288,gimmighoul-roaming,1,10,60.0,0.1,1.0,100.0
1289,koraidon-limited-build,35,3030,335.0,3.5,303.0,24.73
1290,koraidon-sprinting-build,35,3030,335.0,3.5,303.0,24.73
1291,koraidon-swimming-build,35,3030,335.0,3.5,303.0,24.73
1292,koraidon-gliding-build,35,3030,335.0,3.5,303.0,24.73
1293,miraidon-low-power-mode,28,2400,335.0,2.8,240.0,30.61
1294,miraidon-drive-mode,28,2400,335.0,2.8,240.0,30.61
1295,miraidon-aquatic-mode,28,2400,335.0,2.8,240.0,30.61
1296,miraidon-glide-mode,28,2400,335.0,2.8,240.0,30.61
1297,ursaluna-bloodmoon,24,2900,275.0,2.4,290.0,50.35
1298,ogerpon-wellspring-mask,12,398,275.0,1.2,39.8,27.64
1299,ogerpon-hearthflame-mask,12,398,275.0,1.2,39.8,27.64
1300,ogerpon-cornerstone-mask,12,398,275.0,1.2,39.8,27.64
1301,terapagos-terastal,3,160,90.0,0.3,16.0,177.78
1302,terapagos-stellar,17,770,90.0,1.7,77.0,26.64
1303,clefable-mega,17,423,,1.7,42.3,14.64
1304,victreebel-mega,45,1255,,4.5,125.5,6.2
1305,starmie-mega,23,800,,2.3,80.0,15.12
1306,dragonite-mega,55,2900,,5.5,290.0,9.59
1307,meganium-mega,24,2010,,2.4,201.0,34.9
1308,feraligatr-mega,23,1088,,2.3,108.8,20.57
1309,skarmory-mega,17,404,,1.7,40.4,13.98
1310,froslass-mega,26,296,,2.6,29.6,4.38
1311,emboar-mega,18,1803,,1.8,180.3,55.65
1312,excadrill-mega,9,600,,0.9,60.0,74.07
1313,scolipede-mega,32,2305,,3.2,230.5,22.51
1314,scrafty-mega,11,310,,1.1,31.0,25.62
1315,eelektross-mega,30,1800,,3.0,180.0,20.0
1316,chandelure-mega,25,696,,2.5,69.6,11.14
1317,chesnaught-mega,16,900,,1.6,90.0,35.16
1318,delphox-mega,15,390,,1.5,39.0,17.33
1319,greninja-mega,15,400,,1.5,40.0,17.78
1320,pyroar-mega,15,933,,1.5,93.3,41.47
1321,floette-mega,2,1008,,0.2,100.8,2520.0
1322,malamar-mega,29,698,,2.9,69.8,8.3
1323,barbaracle-mega,22,1000,,2.2,100.0,20.66
1324,dragalge-mega,21,1003,,2.1,100.3,22.74
1325,hawlucha-mega,10,250,,1.0,25.0,25.0
1326,zygarde-mega,77,6100,,7.7,610.0,10.29
1327,drampa-mega,30,2405,,3.0,240.5,26.72
1328,falinks-mega,16,990,,1.6,99.0,38.67
1329,raichu-mega-x,12,380,,1.2,38.0,26.39
1330,raichu-mega-y,10,260,,1.0,26.0,26.0
1331,chimecho-mega,12,80,,1.2,8.0,5.56
1332,absol-mega-z,12,490,,1.2,49.0,34.03
1333,staraptor-mega,19,500,,1.9,50.0,13.85
1334,garchomp-mega-z,19,990,,1.9,99.0,27.42
1335,lucario-mega-z,13,494,,1.3,49.4,29.23
1336,heatran-mega,28,5700,,2.8,570.0,72.7
1337,darkrai-mega,30,2400,,3.0,240.0,26.67
1338,golurk-mega,40,3300,,4.0,330.0,20.62
1339,meowstic-mega,8,101,,0.8,10.1,15.78
1340,crabominable-mega,26,2528,,2.6,252.8,37.4
1341,golisopod-mega,23,1480,,2.3,148.0,27.98
1342,magearna-mega,13,2481,,1.3,248.1,146.8
1343,magearna-original-mega,13,2481,,1.3,248.1,146.8
1344,zeraora-mega,15,445,,1.5,44.5,19.78
1345,scovillain-mega,12,220,,1.2,22.0,15.28
1346,glimmora-mega,28,770,,2.8,77.0,9.82
1347,tatsugiri-curly-mega,6,240,,0.6,24.0,66.67
1348,tatsugiri-droopy-mega,6,240,,0.6,24.0,66.67
1349,tatsugiri-stretchy-mega,6,240,,0.6,24.0,66.67
1350,baxcalibur-mega,21,3150,,2.1,315.0,71.43
